{
  "Users": {
    "Outbox": {
      "IntervalInSeconds": 15,
      "BatchSize": 20
    },
    "Inbox": {
      "IntervalInSeconds": 15,
      "BatchSize": 20
    },
    "KeyCloak": {
      "AdminUrl": "http://evently.identity:8080/admin/realms/evently/",
      "TokenUrl": "http://evently.identity:8080/realms/evently/protocol/openid-connect/token",
      "ConfidentialClientId": "evently-confidential-client",
      "ConfidentialClientSecret": "PzotcrvZRF9BHCKcUxdKfHWlIPECG49k",
      "PublicClientId": "evently-public-client"
    }
  }
}
